{
    "__comment": "Made with TheDestruc7i0n's advancements generator: https://advancements.thedestruc7i0n.ca for Blockcraft" ,
    "display": {
        "title": {
            "text": "Sugar bowl"
        },
        "description": {
            "text": "The advancement for crafting a Sugar Bowl."
        },
        "icon": {
            "item": "minecraft:bowl"
        },
        "frame": "task",
        "show_toast": false,
        "announce_to_chat": false,
        "hidden": true,
        "background": "minecraft:textures/gui/advancements/backgrounds/stone.png"
    },
    "criteria": {
        "craft": {
            "trigger": "minecraft:recipe_unlocked",
            "conditions": {
                "recipe": "sugar_bowl"
            }
        }
    },
    "rewards": {
        "function": "blockcraft-s3:sugar_bowl"
    }
}